filename,fileid
123.epf,BQACAgIAAxkBAAI5cmT_R2zXhJhEOaoOBsgnclPsdToMAAIpNgACGJP5Szu9qGla0KyVMAQ
333.txt,BQACAgIAAxkBAAI5c2T_R2x2e1yVnmL2k6T85Rjqz21CAAIqNgACGJP5S3EXXzAFeegqMAQ
Снимок экрана 2023-08-28 080826.png,BQACAgIAAxkBAAI5h2T_SEa3V5T3Nc8xnxb1ifIXi2KsAAI6NgACGJP5S9cceE-xxoEIMAQ
123.q1c,BQACAgIAAxkBAAI5iGT_SEbfcy0UON4EQs2suYy7zp-kAAI7NgACGJP5S1cwGlTWn7pFMAQ
AQADUNExG6ZQ0Ep-,AgACAgIAAxkBAAI_w2VZ3h97dQagxHpz6tJQaP-V16xNAAJQ0TEbplDQSuBnn-dEm5q7AQADAgADeQADMwQ
AQADWtExG6ZQ0Ep-,AgACAgIAAxkBAAI_6GVZ4oO36ZG-cipCD4XPDz41rnFnAAJa0TEbplDQSsVUQZh_qy-wAQADAgADeQADMwQ
Помеченный на удаление доки.txt,BQACAgIAAxkBAAI_6mVZ4pPUuPpvI5j-PgbVb-RmmQH7AAKyNwACplDQSpRjfvWpnigGMwQ
Помеченный на удаление доки.txt,BQACAgIAAxkBAAJAOmVZ5Pk_rS8TBhyqbB3IRR2rcTDwAALJNwACplDQSs5KAAHYaQbuBDME
AQADWtExG6ZQ0Ep-,AgACAgIAAxkBAAJAPGVZ5P-VTpEKU5i90pfcrBfrJvCXAAJa0TEbplDQSsVUQZh_qy-wAQADAgADeQADMwQ
12345.txt,BQACAgIAAxkBAAJAeWVZ5rnr3gM2MNaXpq6G9DDbba0FAALvNwACplDQSpRZvI-TgdDPMwQ
